{"cameraMode":{"drawMode":0,"name":"Shaded","section":"Shading Mode"},"sceneLighting":true,"audioPlay":false,"sceneViewState":{"m_AlwaysRefresh":false,"showFog":true,"showSkybox":true,"showFlares":true,"showImageEffects":true,"showParticleSystems":true,"showVisualEffectGraphs":true,"m_FxEnabled":true},"in2DMode":false,"pivot":{"x":5.7632598876953129,"y":1.243168830871582,"z":1.9236854314804078},"rotation":{"x":0.06335683912038803,"y":0.6844968199729919,"z":-0.059915803372859958,"w":0.7237993478775024},"size":6.223010540008545,"orthographic":false}